{"cameraMode":{"drawMode":0,"name":"Shaded","section":"Shading Mode"},"sceneLighting":true,"audioPlay":false,"sceneViewState":{"showFog":true,"showMaterialUpdate":false,"showSkybox":true,"showFlares":true,"showImageEffects":true,"showParticleSystems":true},"in2DMode":false,"pivot":{"x":-3.0911965370178224,"y":2.1164329051971437,"z":11.901273727416993},"rotation":{"x":-0.02433285303413868,"y":0.643588662147522,"z":-0.02048015594482422,"w":-0.7647197842597961},"size":18.99681282043457,"orthographic":false}