{"cameraMode":{"drawMode":0,"name":"Shaded","section":"Shading Mode"},"sceneLighting":false,"audioPlay":false,"sceneViewState":{"showFog":true,"showMaterialUpdate":false,"showSkybox":false,"showFlares":true,"showImageEffects":true,"showParticleSystems":true},"in2DMode":false,"pivot":{"x":-2.5097570419311525,"y":-12.376975059509278,"z":89.41937255859375},"rotation":{"x":0.07791135460138321,"y":-0.016448788344860078,"z":0.0012860686983913184,"w":0.996830940246582},"size":91.88813781738281,"orthographic":false}