{"cameraMode":{"drawMode":0,"name":"Shaded","section":"Shading Mode"},"sceneLighting":false,"audioPlay":false,"sceneViewState":{"showFog":true,"showMaterialUpdate":false,"showSkybox":false,"showFlares":true,"showImageEffects":true,"showParticleSystems":true},"in2DMode":false,"pivot":{"x":0.7556697130203247,"y":1.6978888511657715,"z":0.7687166929244995},"rotation":{"x":0.004349994473159313,"y":0.9949799180030823,"z":-0.08709271252155304,"w":0.049590859562158588},"size":22.0,"orthographic":false}